Milk 0%,100ml,34,0,5,3.4,0,5,Dairy,42,156,2,0.1,0,0,0
Milk 2%,100ml,50,2,5,3.3,0,5,Dairy,47,140,8,1.3,0.1,0.6,0.1
Milk 3.7%,100ml,64,3.5,5,3.3,0,5,Dairy,49,151,14,2.3,0.1,1.1,0
Egg,1pc,78,5,0.6,6,0,0.6,Dairy,142,138,372,3.1,1.9,3.7,0
"Cheese, cheddar",100g,402,33,1.3,25,0,0.5,Dairy,621,98,105,21,0.9,9,0
"Cheese, gouda",100g,356,27,2.2,25,0,2.2,Dairy,819,121,114,18,0.7,8,0
"Cheese, mozzarella",100g,280,17,3.1,28,0,1.2,Dairy,16,95,54,11,0.5,4.8,0
Cottage cheese 0%,100g,72,0.3,3.7,17,0,3.5,Dairy,330,137,7,0.2,0,0.1,0
Cottage cheese 8%,100g,147,8,3.7,15,0,3.5,Dairy,915,190,34,6,0.3,2,0
Sour cream 12%,100g,135,12,4.3,2.9,0,0.2,Dairy,89,129,39,7,0.4,3.5,0
Greek yoghurt 0%,100g,59,0.4,3.6,10,0,3.2,Dairy,36,141,5,0.1,0,0.1,0
Yoghurt,100g,96,0.8,18,3.8,0,17,Dairy,36,141,5,0.1,0,0.1,0
Chicken breast,100g,110,1.4,0,23,0,0,Animal,65,255,58,0,0,0,0
Chicken thighs,100g,177,8,0,24,0,0,Animal,87,277,135,2.3,1.6,3.4,0
Chicken wings,100g,203,8,0,30,0,0,Animal,92,210,85,2.3,1.8,2.6,0
Turkey breast,100g,104,2,4,17,0,0,Animal,1015,32,43,0,0,0,0
"Pork, loin",100g,152,7,0,22,0,0,Animal,1015,302,43,0,0,0,0
"Beef, ground",100g,250,15,0,26,0,0,Animal,66,295,68,6,0.4,7,0.9
Rib steak,100g,355,29,0,23,0,0,Animal,58,279,78,8,0.9,9,0
Bacon,100g,417,40,1.3,13,0,0,Animal,662,198,66,13,6,17,0.1
Cod,100g,82,0.7,0,18,0,0,Animal,54,413,43,0.1,0.2,0.1,0
"Tuna, canned",100g,103,1,0,26,0,0,Animal,37,407,47,0.3,0.3,0.3,0
Salmon,100g,208,13,0,20,0,0,Animal,59,363,55,3.1,3.9,3.8,0
Banana,1pc,105,0.4,27,1.3,3.1,14,Plant,1.2,422.4,0,0.1,0.1,0,0
Apple,1pc,95,0.3,25,0.5,4.4,19,Plant,1.8,194.7,0,0.1,0.1,0,0
Orange,1pc,62,0.2,15,1.2,3.1,12,Plant,0,237.1,0,0,0,0,0
Tomato,100g,18,0.2,3.9,0.9,1.2,2.6,Plant,5,237,0,0,0.1,0,0
"Pepper, bell, red",100g,40,0.4,9,1.9,1.5,5,Plant,7,340,0,0,0.1,0,0
Pear,1pc,102,0.2,27,0.6,6,17,Plant,1.8,206.5,0,0,0.2,0.1,0
Peach,1pc,59,0.4,14,1.4,2.3,13,Plant,0,285,0,0,0.1,0.1,0
Cucumber,100g,16,0.1,3.6,0.7,0.5,1.7,Plant,2,147,0,0,0,0,0
Broccoli,100g,34,0.4,7,2.8,2.6,1.7,Plant,33,316,0,0,0,0,0
Potato,100g,77,0.1,17,2,2.2,0.8,Plant,6,421,0,0,0,0,0
Avocado,1pc,322,29,17,4,13,1.3,Plant,14.1,974.9,9,4.3,3.7,20,0
Onion,100g,40,0.1,9,1.1,1.7,4.2,Plant,4,146,0,0,0,0,0
Walnuts,100g,654,65,14,15,7,2.6,Nuts,2,441,0,6,47,9,0
Black beans,100g,339,0.9,63,21,16,2.1,Nuts,9,1500,0,0.2,0.4,0.1,0
Almonds,100g,576,49,22,21,12,3.9,Nuts,1,705,0,3.7,12,31,0
Brazil nuts,100g,656,66,12,14,8,2.3,Nuts,3,659,0,15,21,25,0
Chickpeas,100g,364,6,61,19,17,11,Nuts,24,875,0,0.6,2.7,1.4,0
Lentils,100g,353,1.1,60,26,31,2,Nuts,2,369,0,0.1,0.2,0.1,0
Tofu,100g,76,4.8,1.9,8,0.3,0,Nuts,7,121,0,0.7,2.7,1.1,0
Peanuts,100g,567,49,16,26,9,4,Nuts,18,705,0,7,16,24,0
Cashews,100g,553,44,30,18,3.3,6,Nuts,12,660,0,8,8,24,0
Rice,100g,365,0.7,80,7,1.3,0.1,Grains,5,115,0,0.2,0.2,0.2,0
Buckwheat,100g,343,3.4,72,13,10,0.2,Grains,1,460,0,0.7,1,1,0
"Pasta,whole-wheat",100g,348,1,75,15,10,1.2,Grains,8,215,0,0.3,0,0,0
"Pasta, durum",100g,371,1.5,75,13,3.2,2.7,Grains,2,141,0,0.9,0,0,0
"Bread, whole-wheat",100g,247,3.4,41,13,7,6,Grains,400,248,0,0.7,0.6,1.6,0
"Bread, white",100g,265,3.2,49,9,2.7,5,Grains,519,182,0,0.8,1.6,0.6,0
Cereal,100g,379,7,68,13,10,1,Grains,6,362,0,1.1,2.3,2,0
Oatmeal,100g,379,7,69,13,10,1,Grains,2,429,0,1.2,2.5,2.2,0
"Tortilla, wheat",100g,237,1,50,7,2.4,2.8,Grains,3,105,482,0.3,0.4,0.2,0
Flour,100g,364,1,76,10,2.7,0.3,Grains,2,107,0,0.2,0.4,0.1,0
Water,100ml,0,0,0,0,0,0,Beverages,5,0,0,0,0,0,0
Orange juice,100ml,45,0.2,10,0.7,0.2,8,Beverages,1,200,0,0,0,0,0
Apple juice,100ml,46,0.1,11,0.1,0.2,10,Beverages,4,101,0,0,0,0,0
Coca-Cola,100ml,42,0,10,0,0,1,Beverages,45,0,0,0,0,0,0
Sprite,100ml,41,0,11,0,0,11,Beverages,45,0,0,0,0,0,0
Fanta,100ml,38,0,9,0,0,9,Beverages,45,0,0,0,0,0,0
Beer,100ml,43,0,3.6,0.5,0,0,Beverages,4,27,0,0,0,0,0
Vodka,100ml,231,0,0,0,0,0,Beverages,1,1,0,0,0,0,0
Whiskey,100ml,0,0,0.1,0,0,0.1,Beverages,0,1,0,0,0,0,0
Pepsi,100ml,42,0,12,0,0,12,Beverages,45,0,0,0,0,0,0
Cookie,1pc,78,4.5,9,0.9,0.1,9,Sweets,36,13,0,1.9,0.3,0.2,0.1
Doughnut,1pc,195,11,22,2.1,0.8,11,Sweets,140.2,86.4,8.2,6,0.8,3.7,0.2
"Chocolate, dark",100g,546,31,61,4.8,7,48,Sweets,24,559,8,19,1.1,10,0.1
"Chocolate, milk",100g,535,30,59,8,3.4,52,Sweets,79,372,23,19,1.4,7,0.1
Snickers,1pc,229,11,30,3.2,0.9,22,Sweets,88.8,128,4.2,6,0,0,0.2
Cheesecake,100g,321,23,26,6,0.4,22,Sweets,438,90,55,10,1.6,9,0
Cupcake,1pc,131,1.6,29,1.8,1.8,26,Sweets,177.6,96.3,0,0.5,0.2,0.8,0
Ice cream,100g,207,11,24,3.5,0.7,21,Sweets,80,199,44,7,0.5,3,0
Coconut oil,100g,862,100,0,0,0,0,Oils,0,0,0,87,1.8,6,0
Olive oil,100g,884,100,0,0,0,0,Oils,2,1,0,14,11,73,0
Sunflower oil,100g,884,100,0,0,0,0,Oils,0,0,0,13,36,46,0
Canola oil,100g,884,100,0,0,0,0,Oils,0,0,0,7,28,63,0
Palm oil,100g,884,100,0,0,0,0,Oils,0,0,0,49,9,37,0
Butter,100g,717,81,0.1,0.9,0,0.1,Oils,11,24,215,51,3,21,3.3
Lard,100g,902,100,0,0,0,0,Oils,27,15,97,32,11,41,0
Ketchup,100g,112,0.2,26,1.3,0.3,22,Other,907,315,0,0.1,0.1,0.1,0
Sugar,100g,387,0,100,0,0,100,Other,1,2,0,0,0,0,0
Honey,100g,304,0,82,0.3,0.2,82,Other,4,52,0,0,0,0,0
Mayo,100g,680,75,0.6,1,0,0.6,Other,635,20,42,12,45,17,0.2
Mustard,100g,66,4,5,4.4,3.3,0.9,Other,1135,138,0,0.2,1,2.6,0
Peanut butter,100g,588,50,20,25,6,9,Other,17,649,0,10,14,24,0
French Fries,100g,312,15,41,3.4,3.8,0.3,Other,210,579,0,2.3,5,6,0.1
Potato chips,100g,536,35,53,7,4.8,0.2,Other,8,1275,0,11,12,10,0.1
Jerky,100g,410,26,11,33,1.8,9,Other,2081,597,48,11,1,11,0
Popcorn,100g,375,4.3,74,11,13,0.9,Other,7,274,0,0.6,2.5,1,0
